representation,K,union_recall_pct,recall_delta_pct,incremental_TPs,avg_cands,cands_added,p95_cands,p99_cands,zero_match_contaminated,zero_match_pct
A_name_only,5,95.74338616672945,0.7765639940888414,268,112.3303,1.008599999999987,366.0,507.02000000000044,345,61.93895870736086
A_name_only,10,96.03025122424734,1.0634290516067346,367,114.9563,3.634599999999992,369.09999999999854,512.0,441,79.17414721723519
A_name_only,20,96.29973052070355,1.3329083480629333,460,121.1722,9.850499999999997,379.0,519.0300000000007,503,90.30520646319569
A_name_only,30,96.43302135550984,1.4661991828692322,506,127.8232,16.501499999999993,386.0499999999993,529.0300000000007,519,93.17773788150808
C_norm_name_addr,5,98.04989713424706,3.083074961606447,1064,112.7515,1.429799999999986,366.0499999999993,507.02000000000044,517,92.81867145421903
C_norm_name_addr,10,98.63232012981368,3.6654979571730695,1265,116.3892,5.0674999999999955,370.0499999999993,512.0,537,96.40933572710951
C_norm_name_addr,20,98.85543739677203,3.888615224131431,1342,123.7271,12.405399999999986,378.0499999999993,522.0,546,98.02513464991023
C_norm_name_addr,30,98.93657094839327,3.9697487757526573,1370,130.3583,19.036600000000007,384.09999999999854,531.0100000000002,549,98.56373429084381
D_trans_name_addr,5,97.99484222421837,3.028020051577762,1045,112.7585,1.436799999999991,366.0499999999993,507.02000000000044,518,92.99820466786356
D_trans_name_addr,10,98.56567471241053,3.5988525397699256,1242,116.383,5.061299999999989,370.0,512.0,537,96.40933572710951
D_trans_name_addr,20,98.75981571093274,3.792993538292133,1309,123.681,12.35929999999999,378.0499999999993,522.0,546,98.02513464991023
D_trans_name_addr,30,98.87282315783374,3.9060009851931254,1348,130.2475,18.925799999999995,384.0,531.0100000000002,549,98.56373429084381
