experiment_id,candidate_strategy,candidate_recall,avg_candidates,median_candidates,max_candidates,feature_set,model,source_strategy,threshold,macro_precision,macro_recall,macro_f0_5,micro_precision,micro_recall,micro_f0_5,TP,FP,FN,runtime,notes
EXP_LIGHTGBM_ALL_FEATS,Config_B_Balanced,0.9196,88.7,98.0,120,full_26_features,LightGBM,unified,0.7,0.9687,0.8909,0.9422,0.9857,0.8881,0.9645,30650,446,3861,19.4,"5-Fold Entity GroupKFold, full 26 RapidFuzz features"
EXP_HISTGRADIENTBOOSTING_ALL_FEATS,Config_B_Balanced,0.9196,88.7,98.0,120,full_26_features,HistGradientBoosting,unified,0.68,0.9673,0.8913,0.9411,0.9841,0.8889,0.9635,30678,496,3833,36.2,"5-Fold Entity GroupKFold, full 26 RapidFuzz features"
EXP_RANDOMFOREST_ALL_FEATS,Config_B_Balanced,0.9196,88.7,98.0,120,full_26_features,RandomForest,unified,0.52,0.9641,0.8921,0.9389,0.9804,0.8896,0.9608,30701,614,3810,262.1,"5-Fold Entity GroupKFold, full 26 RapidFuzz features"
EXP_LOGISTICREGRESSION_ALL_FEATS,Config_B_Balanced,0.9196,88.7,98.0,120,full_26_features,LogisticRegression,unified,0.58,0.9602,0.8777,0.9313,0.9783,0.8756,0.9559,30217,671,4294,27.7,"5-Fold Entity GroupKFold, full 26 RapidFuzz features"
ABLATION_BASE_FUZZ_ONLY,Config_B_Balanced,0.9196,88.7,98.0,120,4_features,LightGBM,unified,0.48,0.9281,0.8141,0.8862,0.9488,0.8099,0.9174,27950,1507,6561,14.6,Raw exact + Levenshtein ratios only
ABLATION_BASE_PLUS_TOKENRATIOS,Config_B_Balanced,0.9196,88.7,98.0,120,17_features,LightGBM,unified,0.66,0.9631,0.8851,0.9361,0.9806,0.8826,0.9593,30458,603,4053,23.3,Adds RapidFuzz token sort/set/partial & Jaccard
ABLATION_BASE_TOKEN_NUMERIC_ALIAS,Config_B_Balanced,0.9196,88.7,98.0,120,20_features,LightGBM,unified,0.66,0.9671,0.8934,0.9417,0.9838,0.891,0.9637,30748,507,3763,30.8,Adds door/plot numeric Jaccard & alias detector
ABLATION_FULL_26_FEATURES,Config_B_Balanced,0.9196,88.7,98.0,120,26_features,LightGBM,unified,0.7,0.9687,0.8909,0.9422,0.9857,0.8881,0.9645,30650,446,3861,41.6,Full suite including cross & interaction terms
EXP_SOURCE_SPECIFIC_S2_S3,Config_B_Balanced,0.9196,88.7,98.0,120,full_26_features,LightGBM_Source_Specific,split_s2_s3,0.72,0.9693,0.8905,0.9426,0.9855,0.8868,0.9641,30605,450,3906,38.1,Independent LightGBM matchers trained for S1->S2 vs S1->S3
EXP_HYBRID_RULES_LIGHTGBM,Config_B_Balanced,0.9196,88.7,98.0,120,full_26_features_plus_rules,Hybrid_Rules_LightGBM,unified,0.7,0.9687,0.8909,0.9422,0.9857,0.8881,0.9645,30650,446,3861,0.0,Deterministic high-precision rule gate + LightGBM gradient boosted scorer
EXP_CALIBRATED_LIGHTGBM,Config_B_Balanced,0.9196,88.7,98.0,120,full_26_features,Calibrated_LightGBM,unified,0.62,0.9674,0.8942,0.9421,0.984,0.8922,0.9641,30790,501,3721,86.9,Sigmoid Platt calibration wrapper over LightGBM
